Type,Name,Request Count,Failure Count,Median Response Time,Average Response Time,Min Response Time,Max Response Time,Average Content Size,Requests/s,Failures/s,50%,66%,75%,80%,90%,95%,98%,99%,99.9%,99.99%,100%
gRPC,Classify/fp32,1236,0,250,251.11168127264207,234.38387500027602,999.2235419995268,126.26779935275081,3.9746273039773814,0.0,250,250,250,250,260,270,290,310,600,1000,1000
,Aggregated,1236,0,250,251.11168127264207,234.38387500027602,999.2235419995268,126.26779935275081,3.9746273039773814,0.0,250,250,250,250,260,270,290,310,600,1000,1000
