Type,Name,Request Count,Failure Count,Median Response Time,Average Response Time,Min Response Time,Max Response Time,Average Content Size,Requests/s,Failures/s,50%,66%,75%,80%,90%,95%,98%,99%,99.9%,99.99%,100%
gRPC,Classify/default,257,257,130,136.2650449221814,122.50783299998602,729.6912919999841,0.0,7.12676528882726,7.12676528882726,130,130,140,140,140,150,160,200,730,730,730
,Aggregated,257,257,130,136.2650449221814,122.50783299998602,729.6912919999841,0.0,7.12676528882726,7.12676528882726,130,130,140,140,140,150,160,200,730,730,730
